{
  "accuracy": 0.9758064516129032,
  "precision": 0.9609375,
  "recall": 0.9919354838709677,
  "f1": 0.9761904761904762,
  "fnr": 0.008064516129032251,
  "model_id": "ft:gpt-4o-mini-2024-07-18:personal::DX7kzKtB"
}