{
  "accuracy": 0.7441860465116279,
  "precision": 0.7368421052631579,
  "recall": 0.7,
  "f1": 0.717948717948718,
  "fnr": 0.30000000000000004
}