{
  "accuracy": 0.5128205128205128,
  "precision": 0.5,
  "recall": 0.8947368421052632,
  "f1": 0.6415094339622641,
  "fnr": 0.10526315789473684
}