{
  "accuracy": 0.4228187919463087,
  "precision": 0.17475728155339806,
  "recall": 0.9473684210526315,
  "f1": 0.29508196721311475,
  "fnr": 0.052631578947368474
}